Keyword	RepoPath	FilePath	RepoName	CommitID	JavaCount	XmlCount
@ImportResource	D:\Mahir\detecting-metadata-bugs\dataset\all_projects\jetty-springmvc-jsp-template	D:\Mahir\detecting-metadata-bugs\dataset\all_projects\jetty-springmvc-jsp-template\src\main\java\config\MvcConfiguration.java	jetty-springmvc-jsp-template	cdb24eeea8d6e1db6d2244cd2149180d4f960ba3	6	7
ApplicationContext	D:\Mahir\detecting-metadata-bugs\dataset\all_projects\jetty-springmvc-jsp-template	D:\Mahir\detecting-metadata-bugs\dataset\all_projects\jetty-springmvc-jsp-template\src\main\java\ca\unx\template\Main.java	jetty-springmvc-jsp-template	cdb24eeea8d6e1db6d2244cd2149180d4f960ba3	6	7
@ImportResource	D:\Mahir\detecting-metadata-bugs\dataset\all_projects\GHANA-National	D:\Mahir\detecting-metadata-bugs\dataset\all_projects\GHANA-National\ghana-national-xforms\src\main\java\org\motechproject\ghana\national\logger\configuration\BackgroundJobLoggerConfiguration.java	GHANA-National	d2fdbcf59ac3220c7110e61065b3ae3987c1fbbf	624	213
ApplicationContext	D:\Mahir\detecting-metadata-bugs\dataset\all_projects\GHANA-National	D:\Mahir\detecting-metadata-bugs\dataset\all_projects\GHANA-National\ghana-national-core\src\test\java\org\motechproject\ghana\national\BaseIntegrationTest.java	GHANA-National	d2fdbcf59ac3220c7110e61065b3ae3987c1fbbf	624	213
.getBean(	D:\Mahir\detecting-metadata-bugs\dataset\all_projects\GHANA-National	D:\Mahir\detecting-metadata-bugs\dataset\all_projects\GHANA-National\ghana-national-messaging-gateway\src\main\java\org\motechproject\ghana\national\messagegateway\domain\MessageGroupStoreRepearJob.java	GHANA-National	d2fdbcf59ac3220c7110e61065b3ae3987c1fbbf	624	213
</bean>	D:\Mahir\detecting-metadata-bugs\dataset\all_projects\GHANA-National	D:\Mahir\detecting-metadata-bugs\dataset\all_projects\GHANA-National\ghana-national-core\src\main\resources\applicationContext-core.xml	GHANA-National	d2fdbcf59ac3220c7110e61065b3ae3987c1fbbf	624	213
constructor-arg	D:\Mahir\detecting-metadata-bugs\dataset\all_projects\GHANA-National	D:\Mahir\detecting-metadata-bugs\dataset\all_projects\GHANA-National\ghana-national-core\src\main\resources\applicationContext-core.xml	GHANA-National	d2fdbcf59ac3220c7110e61065b3ae3987c1fbbf	624	213
ClassPathXmlApplicationContext	D:\Mahir\detecting-metadata-bugs\dataset\all_projects\GHANA-National	D:\Mahir\detecting-metadata-bugs\dataset\all_projects\GHANA-National\ghana-national-tools\src\main\java\org\motechproject\ghana\national\tools\RecreateDB.java	GHANA-National	d2fdbcf59ac3220c7110e61065b3ae3987c1fbbf	624	213
@ImportResource	D:\Mahir\detecting-metadata-bugs\dataset\all_projects\github-cla-integration	D:\Mahir\detecting-metadata-bugs\dataset\all_projects\github-cla-integration\src\main\java\com\gopivotal\cla\security\SecurityConfiguration.java	github-cla-integration	c4dd33760a85e6e82dc83767341bd866020ab053	82	7
ApplicationContext	D:\Mahir\detecting-metadata-bugs\dataset\all_projects\github-cla-integration	D:\Mahir\detecting-metadata-bugs\dataset\all_projects\github-cla-integration\src\main\java\com\gopivotal\cla\github\StandardGitHubClient.java	github-cla-integration	c4dd33760a85e6e82dc83767341bd866020ab053	82	7
@ImportResource	D:\Mahir\detecting-metadata-bugs\dataset\all_projects\jobsnearyou	D:\Mahir\detecting-metadata-bugs\dataset\all_projects\jobsnearyou\src\main\java\com\jobsnearyou\config\SecurityConfig.java	jobsnearyou	3a798a9ffaf7417f5463b1a31a2666915494e2b9	36	12
@ImportResource	D:\Mahir\detecting-metadata-bugs\dataset\all_projects\dfr	D:\Mahir\detecting-metadata-bugs\dataset\all_projects\dfr\dfr-sync\src\main\java\org\duraspace\dfr\sync\config\AppConfig.java	dfr	20ab6927362074a922a27ad0f3f713ed414b2d68	107	30
@ImportResource	D:\Mahir\detecting-metadata-bugs\dataset\all_projects\e4ds-template	D:\Mahir\detecting-metadata-bugs\dataset\all_projects\e4ds-template\src\main\java\ch\rasc\e4ds\config\SecurityConfig.java	e4ds-template	815699e44e299ad75ba5153576890081492be481	40	9
@ImportResource	D:\Mahir\detecting-metadata-bugs\dataset\all_projects\WeVan	D:\Mahir\detecting-metadata-bugs\dataset\all_projects\WeVan\src\main\java\com\cspinformatique\wevan\config\SecurityConfig.java	WeVan	0021de92b8ff9bbe8e3f84b98ce9eb1ad169d106	52	9
@ImportResource	D:\Mahir\detecting-metadata-bugs\dataset\all_projects\ai-project-server	D:\Mahir\detecting-metadata-bugs\dataset\all_projects\ai-project-server\src\main\java\ai\server\config\MvcConfiguration.java	ai-project-server	21d8877f7b356887f7a4038c8fbbc137c61be4c6	44	21
@ImportResource	D:\Mahir\detecting-metadata-bugs\dataset\all_projects\SpringProjTemplate	D:\Mahir\detecting-metadata-bugs\dataset\all_projects\SpringProjTemplate\src\SpringTemplate\src\main\java\com\pne\arch\config\SecurityConfig.java	SpringProjTemplate	e628226d8174ea3dd78a367bfe9ede1488a78b5e	22	8
@ImportResource	D:\Mahir\detecting-metadata-bugs\dataset\all_projects\jrecruiter	D:\Mahir\detecting-metadata-bugs\dataset\all_projects\jrecruiter\src\main\java\org\jrecruiter\spring\MainContextConfiguration.java	jrecruiter	6c7113f23dcd4da3af3a36d10e7ec267ebb6e3b7	178	29
@ImportResource	D:\Mahir\detecting-metadata-bugs\dataset\all_projects\ju	D:\Mahir\detecting-metadata-bugs\dataset\all_projects\ju\ju-dbutil-test\src\test\java\ch\inftec\ju\db\auth\AbstractAuthBaseDbTest.java	ju	1b8dc8f99d317bebfb255bede7b5c8c4c26b57b5	207	48
@ImportResource	D:\Mahir\detecting-metadata-bugs\dataset\all_projects\CodeFish-Blog	D:\Mahir\detecting-metadata-bugs\dataset\all_projects\CodeFish-Blog\src\main\java\org\codefish\spring\configuration\RootConfig.java	CodeFish-Blog	47b89c59d5ac8fa71e92a0f29210df1884c129fb	10	9
ApplicationContext	D:\Mahir\detecting-metadata-bugs\dataset\all_projects\extdirectspring	D:\Mahir\detecting-metadata-bugs\dataset\all_projects\extdirectspring\src\main\java\ch\ralscha\extdirectspring\bean\ExtDirectResponseBuilder.java	extdirectspring	1516e4208f83228bc15c2dd0d76846f8cf847326	282	38
.getBean(	D:\Mahir\detecting-metadata-bugs\dataset\all_projects\extdirectspring	D:\Mahir\detecting-metadata-bugs\dataset\all_projects\extdirectspring\src\main\java\ch\ralscha\extdirectspring\bean\ExtDirectResponseBuilder.java	extdirectspring	1516e4208f83228bc15c2dd0d76846f8cf847326	282	38
</bean>	D:\Mahir\detecting-metadata-bugs\dataset\all_projects\extdirectspring	D:\Mahir\detecting-metadata-bugs\dataset\all_projects\extdirectspring\src\test\resources\testExceptionHandlingConfig.xml	extdirectspring	1516e4208f83228bc15c2dd0d76846f8cf847326	282	38
<property	D:\Mahir\detecting-metadata-bugs\dataset\all_projects\extdirectspring	D:\Mahir\detecting-metadata-bugs\dataset\all_projects\extdirectspring\src\test\resources\testExceptionHandlingConfig.xml	extdirectspring	1516e4208f83228bc15c2dd0d76846f8cf847326	282	38
ClassPathXmlApplicationContext	D:\Mahir\detecting-metadata-bugs\dataset\all_projects\extdirectspring	D:\Mahir\detecting-metadata-bugs\dataset\all_projects\extdirectspring\src\test\java\ch\ralscha\extdirectspring\util\MethodInfoCacheTest.java	extdirectspring	1516e4208f83228bc15c2dd0d76846f8cf847326	282	38
ApplicationContext	D:\Mahir\detecting-metadata-bugs\dataset\all_projects\gallery-georg	D:\Mahir\detecting-metadata-bugs\dataset\all_projects\gallery-georg\src\main\java\org\georg\web\config\MvcWebApplicationInitializer.java	gallery-georg	30966022d462ad22497f7acc97ae669f48188343	72	2
ApplicationContext	D:\Mahir\detecting-metadata-bugs\dataset\all_projects\hibernate-search-example	D:\Mahir\detecting-metadata-bugs\dataset\all_projects\hibernate-search-example\hibernate-search-hibernate\src\main\java\org\hibernate\search\hibernate\example\SearchManager.java	hibernate-search-example	bd56d9b402ab6dde62eff8438aaed53836350784	15	31
.getBean(	D:\Mahir\detecting-metadata-bugs\dataset\all_projects\hibernate-search-example	D:\Mahir\detecting-metadata-bugs\dataset\all_projects\hibernate-search-example\hibernate-search-hibernate\src\main\java\org\hibernate\search\hibernate\example\SearchManager.java	hibernate-search-example	bd56d9b402ab6dde62eff8438aaed53836350784	15	31
</bean>	D:\Mahir\detecting-metadata-bugs\dataset\all_projects\hibernate-search-example	D:\Mahir\detecting-metadata-bugs\dataset\all_projects\hibernate-search-example\hibernate-search-hibernate\src\main\resources\applicationContext.xml	hibernate-search-example	bd56d9b402ab6dde62eff8438aaed53836350784	15	31
<property	D:\Mahir\detecting-metadata-bugs\dataset\all_projects\hibernate-search-example	D:\Mahir\detecting-metadata-bugs\dataset\all_projects\hibernate-search-example\hibernate-search-hibernate\src\main\resources\applicationContext.xml	hibernate-search-example	bd56d9b402ab6dde62eff8438aaed53836350784	15	31
-method=	D:\Mahir\detecting-metadata-bugs\dataset\all_projects\hibernate-search-example	D:\Mahir\detecting-metadata-bugs\dataset\all_projects\hibernate-search-example\hibernate-search-hibernate\src\main\resources\applicationContext.xml	hibernate-search-example	bd56d9b402ab6dde62eff8438aaed53836350784	15	31
ClassPathXmlApplicationContext	D:\Mahir\detecting-metadata-bugs\dataset\all_projects\hibernate-search-example	D:\Mahir\detecting-metadata-bugs\dataset\all_projects\hibernate-search-example\hibernate-search-hibernate\src\main\java\org\hibernate\search\hibernate\example\SearchManager.java	hibernate-search-example	bd56d9b402ab6dde62eff8438aaed53836350784	15	31
ApplicationContext	D:\Mahir\detecting-metadata-bugs\dataset\all_projects\jiazuww	D:\Mahir\detecting-metadata-bugs\dataset\all_projects\jiazuww\src\main\java\com\jiazu\web\base\proxy\BasePX.java	jiazuww	d88e758d41af629cb9e5da8793e09e7ace7fa997	317	159
.getBean(	D:\Mahir\detecting-metadata-bugs\dataset\all_projects\jiazuww	D:\Mahir\detecting-metadata-bugs\dataset\all_projects\jiazuww\src\main\java\com\jiazu\web\platform\proxy\CommentPX.java	jiazuww	d88e758d41af629cb9e5da8793e09e7ace7fa997	317	159
</bean>	D:\Mahir\detecting-metadata-bugs\dataset\all_projects\jiazuww	D:\Mahir\detecting-metadata-bugs\dataset\all_projects\jiazuww\src\main\resources\conf\AppDict.xml	jiazuww	d88e758d41af629cb9e5da8793e09e7ace7fa997	317	159
<property	D:\Mahir\detecting-metadata-bugs\dataset\all_projects\jiazuww	D:\Mahir\detecting-metadata-bugs\dataset\all_projects\jiazuww\src\main\resources\conf\AppDict.xml	jiazuww	d88e758d41af629cb9e5da8793e09e7ace7fa997	317	159
-method=	D:\Mahir\detecting-metadata-bugs\dataset\all_projects\jiazuww	D:\Mahir\detecting-metadata-bugs\dataset\all_projects\jiazuww\src\main\resources\conf\dataSource.xml	jiazuww	d88e758d41af629cb9e5da8793e09e7ace7fa997	317	159
ApplicationContext	D:\Mahir\detecting-metadata-bugs\dataset\all_projects\spring-petclinic	D:\Mahir\detecting-metadata-bugs\dataset\all_projects\spring-petclinic\src\test\java\org\springframework\samples\petclinic\service\AbstractClinicServiceTests.java	spring-petclinic	46201191e8098889a58a8e035e1c9bc2352071eb	51	20
</bean>	D:\Mahir\detecting-metadata-bugs\dataset\all_projects\spring-petclinic	D:\Mahir\detecting-metadata-bugs\dataset\all_projects\spring-petclinic\src\main\resources\spring\business-config.xml	spring-petclinic	46201191e8098889a58a8e035e1c9bc2352071eb	51	20
constructor-arg	D:\Mahir\detecting-metadata-bugs\dataset\all_projects\spring-petclinic	D:\Mahir\detecting-metadata-bugs\dataset\all_projects\spring-petclinic\src\main\resources\spring\business-config.xml	spring-petclinic	46201191e8098889a58a8e035e1c9bc2352071eb	51	20
-method=	D:\Mahir\detecting-metadata-bugs\dataset\all_projects\spring-petclinic	D:\Mahir\detecting-metadata-bugs\dataset\all_projects\spring-petclinic\src\main\resources\spring\datasource-config.xml	spring-petclinic	46201191e8098889a58a8e035e1c9bc2352071eb	51	20
ApplicationContext	D:\Mahir\detecting-metadata-bugs\dataset\all_projects\ironman	D:\Mahir\detecting-metadata-bugs\dataset\all_projects\ironman\src\test\java\com\ironman\controller\HealthMonitorControllerTest.java	ironman	1f837f4d2be0586b9ab900f93a62c39921212d3e	8	6
ApplicationContext	D:\Mahir\detecting-metadata-bugs\dataset\all_projects\java-embedded-jirb	D:\Mahir\detecting-metadata-bugs\dataset\all_projects\java-embedded-jirb\src\main\java\com\vetstreet\embedded\jirb\SshServerFactory.java	java-embedded-jirb	8a9f80165ac21670364db5931c6c32368c28ae76	11	1
.getBean(	D:\Mahir\detecting-metadata-bugs\dataset\all_projects\java-embedded-jirb	D:\Mahir\detecting-metadata-bugs\dataset\all_projects\java-embedded-jirb\src\main\java\com\vetstreet\embedded\jirb\SshServerFactory.java	java-embedded-jirb	8a9f80165ac21670364db5931c6c32368c28ae76	11	1
ApplicationContext	D:\Mahir\detecting-metadata-bugs\dataset\all_projects\addis-core	D:\Mahir\detecting-metadata-bugs\dataset\all_projects\addis-core\src\main\java\org\drugis\addis\config\SecurityConfig.java	addis-core	706d636eff27fa30c4d5b45a3df30d545a936712	511	8
ApplicationContext	D:\Mahir\detecting-metadata-bugs\dataset\all_projects\appfuse	D:\Mahir\detecting-metadata-bugs\dataset\all_projects\appfuse\plugins\appfuse-maven-plugin\src\main\java\org\appfuse\tool\ArtifactInstaller.java	appfuse	2825ab8f3a978b3bafb60effbf7c1094beef3fac	328	250
.getBean(	D:\Mahir\detecting-metadata-bugs\dataset\all_projects\appfuse	D:\Mahir\detecting-metadata-bugs\dataset\all_projects\appfuse\data\jpa\src\main\java\org\appfuse\dao\BaseDaoTestCase.java	appfuse	2825ab8f3a978b3bafb60effbf7c1094beef3fac	328	250
constructor-arg	D:\Mahir\detecting-metadata-bugs\dataset\all_projects\appfuse	D:\Mahir\detecting-metadata-bugs\dataset\all_projects\appfuse\data\ibatis\src\main\resources\applicationContext-dao.xml	appfuse	2825ab8f3a978b3bafb60effbf7c1094beef3fac	328	250
-method=	D:\Mahir\detecting-metadata-bugs\dataset\all_projects\appfuse	D:\Mahir\detecting-metadata-bugs\dataset\all_projects\appfuse\archetypes\appfuse-ws\src\src\main\resources\applicationContext-resources.xml	appfuse	2825ab8f3a978b3bafb60effbf7c1094beef3fac	328	250
ClassPathXmlApplicationContext	D:\Mahir\detecting-metadata-bugs\dataset\all_projects\appfuse	D:\Mahir\detecting-metadata-bugs\dataset\all_projects\appfuse\service\src\test\java\org\appfuse\service\impl\UserSecurityAdviceTest.java	appfuse	2825ab8f3a978b3bafb60effbf7c1094beef3fac	328	250
.getBean(	D:\Mahir\detecting-metadata-bugs\dataset\all_projects\ikube	D:\Mahir\detecting-metadata-bugs\dataset\all_projects\ikube\code\core\src\main\java\ikube\toolkit\ApplicationContextManager.java	ikube	5b255116604284ec6349e10468e4ca5e634db3e9	1243	170
constructor-arg	D:\Mahir\detecting-metadata-bugs\dataset\all_projects\ikube	D:\Mahir\detecting-metadata-bugs\dataset\all_projects\ikube\code\libs\src\main\resources\analytics\spring-analytics.xml	ikube	5b255116604284ec6349e10468e4ca5e634db3e9	1243	170
-method=	D:\Mahir\detecting-metadata-bugs\dataset\all_projects\ikube	D:\Mahir\detecting-metadata-bugs\dataset\all_projects\ikube\code\core\src\test\resources\spring\spring-geo-prod.xml	ikube	5b255116604284ec6349e10468e4ca5e634db3e9	1243	170
ClassPathXmlApplicationContext	D:\Mahir\detecting-metadata-bugs\dataset\all_projects\ikube	D:\Mahir\detecting-metadata-bugs\dataset\all_projects\ikube\code\core\src\main\java\ikube\toolkit\ApplicationContextManager.java	ikube	5b255116604284ec6349e10468e4ca5e634db3e9	1243	170
.getBean(	D:\Mahir\detecting-metadata-bugs\dataset\all_projects\DevStarter	D:\Mahir\detecting-metadata-bugs\dataset\all_projects\DevStarter\src\main\java\isep\rose\devstarter\web\UserController.java	DevStarter	889d8a7e6109dac2e372c4208d2630988e629edf	18	24
ClassPathXmlApplicationContext	D:\Mahir\detecting-metadata-bugs\dataset\all_projects\DevStarter	D:\Mahir\detecting-metadata-bugs\dataset\all_projects\DevStarter\src\main\java\isep\rose\devstarter\web\UserController.java	DevStarter	889d8a7e6109dac2e372c4208d2630988e629edf	18	24
.getBean(	D:\Mahir\detecting-metadata-bugs\dataset\all_projects\kuali_rice	D:\Mahir\detecting-metadata-bugs\dataset\all_projects\kuali_rice\rice-framework\krad-it\src\test\java\org\kuali\rice\krad\service\impl\DictionaryValidationServiceImplTest.java	kuali_rice	248213b6e0bc22347df17d927fa8d25861b491c3	5298	3369
ClassPathXmlApplicationContext	D:\Mahir\detecting-metadata-bugs\dataset\all_projects\kuali_rice	D:\Mahir\detecting-metadata-bugs\dataset\all_projects\kuali_rice\rice-framework\krad-it\src\test\java\org\kuali\rice\krad\service\impl\DictionaryValidationServiceImplTest.java	kuali_rice	248213b6e0bc22347df17d927fa8d25861b491c3	5298	3369
.getBean(	D:\Mahir\detecting-metadata-bugs\dataset\all_projects\geomajas-project-client-gwt	D:\Mahir\detecting-metadata-bugs\dataset\all_projects\geomajas-project-client-gwt\client\src\test\java\org\geomajas\gwt\client\spatial\snapping\SnappingModeTest.java	geomajas-project-client-gwt	803c64c9b7eb9fd403e699957633c6a43a9a9a21	1068	612
ClassPathXmlApplicationContext	D:\Mahir\detecting-metadata-bugs\dataset\all_projects\geomajas-project-client-gwt	D:\Mahir\detecting-metadata-bugs\dataset\all_projects\geomajas-project-client-gwt\client\src\test\java\org\geomajas\gwt\client\spatial\snapping\SnappingModeTest.java	geomajas-project-client-gwt	803c64c9b7eb9fd403e699957633c6a43a9a9a21	1068	612
.getBean(	D:\Mahir\detecting-metadata-bugs\dataset\all_projects\addressbook-sample-mongodb	D:\Mahir\detecting-metadata-bugs\dataset\all_projects\addressbook-sample-mongodb\web-ui\src\main\java\nl\enovation\addressbook\cqrs\webui\init\RunDBInitializerWhenNeeded.java	addressbook-sample-mongodb	c5d0967f6c141d8d57633c537541266564cebd57	38	10
.getBean(	D:\Mahir\detecting-metadata-bugs\dataset\all_projects\dbs-reports	D:\Mahir\detecting-metadata-bugs\dataset\all_projects\dbs-reports\app\src\main\java\pl\com\dbs\reports\support\listener\ApplicationEventsListener.java	dbs-reports	41f172d1615fe3fa14efaa5569e86882e3025743	323	33
</bean>	D:\Mahir\detecting-metadata-bugs\dataset\all_projects\cheetah	D:\Mahir\detecting-metadata-bugs\dataset\all_projects\cheetah\acceptanceTests\src\test\resources\test-context.xml	cheetah	e35174210b5ceddbd8cf86a0cc7a9975a452478d	185	64
<property	D:\Mahir\detecting-metadata-bugs\dataset\all_projects\cheetah	D:\Mahir\detecting-metadata-bugs\dataset\all_projects\cheetah\acceptanceTests\pom.xml	cheetah	e35174210b5ceddbd8cf86a0cc7a9975a452478d	185	64
constructor-arg	D:\Mahir\detecting-metadata-bugs\dataset\all_projects\cheetah	D:\Mahir\detecting-metadata-bugs\dataset\all_projects\cheetah\acceptanceTests\src\test\resources\ui-test-context.xml	cheetah	e35174210b5ceddbd8cf86a0cc7a9975a452478d	185	64
</bean>	D:\Mahir\detecting-metadata-bugs\dataset\all_projects\Play2V2	D:\Mahir\detecting-metadata-bugs\dataset\all_projects\Play2V2\ProjectBack\src\main\resources\application-context.xml	Play2V2	c7b28788431aa332c30dac103e98074f01ddddf0	20	10
<property	D:\Mahir\detecting-metadata-bugs\dataset\all_projects\Play2V2	D:\Mahir\detecting-metadata-bugs\dataset\all_projects\Play2V2\ProjectBack\src\main\resources\application-context.xml	Play2V2	c7b28788431aa332c30dac103e98074f01ddddf0	20	10
</bean>	D:\Mahir\detecting-metadata-bugs\dataset\all_projects\ohtu-bibtex	D:\Mahir\detecting-metadata-bugs\dataset\all_projects\ohtu-bibtex\src\main\webapp\WEB-INF\spring-context.xml	ohtu-bibtex	26a5fba5a36ddce396066661a61462cc63be3c10	8	6
<property	D:\Mahir\detecting-metadata-bugs\dataset\all_projects\ohtu-bibtex	D:\Mahir\detecting-metadata-bugs\dataset\all_projects\ohtu-bibtex\src\main\resources\persistence.xml	ohtu-bibtex	26a5fba5a36ddce396066661a61462cc63be3c10	8	6
</bean>	D:\Mahir\detecting-metadata-bugs\dataset\all_projects\basis-webapp-sample	D:\Mahir\detecting-metadata-bugs\dataset\all_projects\basis-webapp-sample\src\main\webapp\WEB-INF\spring\servlet-context.xml	basis-webapp-sample	f5d0fe13594b10bd6f20f5b0d7b0c9d409993f9d	3	4
<property	D:\Mahir\detecting-metadata-bugs\dataset\all_projects\basis-webapp-sample	D:\Mahir\detecting-metadata-bugs\dataset\all_projects\basis-webapp-sample\src\main\webapp\WEB-INF\spring\servlet-context.xml	basis-webapp-sample	f5d0fe13594b10bd6f20f5b0d7b0c9d409993f9d	3	4
</bean>	D:\Mahir\detecting-metadata-bugs\dataset\all_projects\spring-ws	D:\Mahir\detecting-metadata-bugs\dataset\all_projects\spring-ws\eclipselinkweb\src\test\resources\META-INF\spring\orm-context-test.xml	spring-ws	95da79dc4240309d0b73224b1f7883f51e383e6d	22	29
<property	D:\Mahir\detecting-metadata-bugs\dataset\all_projects\spring-ws	D:\Mahir\detecting-metadata-bugs\dataset\all_projects\spring-ws\eclipselinkweb\src\main\resources\META-INF\persistence.xml	spring-ws	95da79dc4240309d0b73224b1f7883f51e383e6d	22	29
constructor-arg	D:\Mahir\detecting-metadata-bugs\dataset\all_projects\spring-ws	D:\Mahir\detecting-metadata-bugs\dataset\all_projects\spring-ws\SpringWebApp\src\main\resources\META-INF\spring\orm-context.xml	spring-ws	95da79dc4240309d0b73224b1f7883f51e383e6d	22	29
-method=	D:\Mahir\detecting-metadata-bugs\dataset\all_projects\spring-ws	D:\Mahir\detecting-metadata-bugs\dataset\all_projects\spring-ws\SpringWebApp\src\main\resources\META-INF\spring\orm-context.xml	spring-ws	95da79dc4240309d0b73224b1f7883f51e383e6d	22	29
</bean>	D:\Mahir\detecting-metadata-bugs\dataset\all_projects\evernavigator	D:\Mahir\detecting-metadata-bugs\dataset\all_projects\evernavigator\src\main\webapp\WEB-INF\spring\appServlet\servlet-context.xml	evernavigator	4f1f8f8dc6406157ebae69e5507434f364ae52f7	12	7
-method=	D:\Mahir\detecting-metadata-bugs\dataset\all_projects\evernavigator	D:\Mahir\detecting-metadata-bugs\dataset\all_projects\evernavigator\src\main\webapp\WEB-INF\spring\appServlet\servlet-context.xml	evernavigator	4f1f8f8dc6406157ebae69e5507434f364ae52f7	12	7
</bean>	D:\Mahir\detecting-metadata-bugs\dataset\all_projects\fog	D:\Mahir\detecting-metadata-bugs\dataset\all_projects\fog\src\main\resources\META-INF\context.xml	fog	ac5e9d7be815c3d514d4e6bfb0548bf13fc073b0	3	7
<property	D:\Mahir\detecting-metadata-bugs\dataset\all_projects\bsb	D:\Mahir\detecting-metadata-bugs\dataset\all_projects\bsb\bsb-app\ejb\src\main\resources\META-INF\persistence.xml	bsb	22a8c917e01d243d9ab8c75d0050dc33e3cebcaa	15	8
<property	D:\Mahir\detecting-metadata-bugs\dataset\all_projects\jpa-tutorials	D:\Mahir\detecting-metadata-bugs\dataset\all_projects\jpa-tutorials\client-invoicing-domain\src\main\resources\META-INF\persistence.xml	jpa-tutorials	6d2ece09df76573494895c20691b3d0250c4042a	25	8
<property	D:\Mahir\detecting-metadata-bugs\dataset\all_projects\325Group	D:\Mahir\detecting-metadata-bugs\dataset\all_projects\325Group\src\main\resources\hibernate.cfg.xml	325Group	5e0172ee363f013bc0196d9a9ca5628d01e70302	6	8
<property	D:\Mahir\detecting-metadata-bugs\dataset\all_projects\kie-wb-distributions	D:\Mahir\detecting-metadata-bugs\dataset\all_projects\kie-wb-distributions\kie-drools-wb\kie-drools-wb-webapp\pom.xml	kie-wb-distributions	a9ede9f0b4ac4380fec457316a216ab877a4818b	21	41
constructor-arg	D:\Mahir\detecting-metadata-bugs\dataset\all_projects\fcrepo-cloudsync	D:\Mahir\detecting-metadata-bugs\dataset\all_projects\fcrepo-cloudsync\fcrepo-cloudsync-service\src\main\webapp\WEB-INF\rest-api.xml	fcrepo-cloudsync	bec12915f7898101646a7819662f6c0b2953191a	49	12
-method=	D:\Mahir\detecting-metadata-bugs\dataset\all_projects\fcrepo-cloudsync	D:\Mahir\detecting-metadata-bugs\dataset\all_projects\fcrepo-cloudsync\fcrepo-cloudsync-service\src\main\webapp\WEB-INF\svc-impl.xml	fcrepo-cloudsync	bec12915f7898101646a7819662f6c0b2953191a	49	12
constructor-arg	D:\Mahir\detecting-metadata-bugs\dataset\all_projects\wl-oauth	D:\Mahir\detecting-metadata-bugs\dataset\all_projects\wl-oauth\pack\src\main\webapp\WEB-INF\components.xml	wl-oauth	1c1e65320e7e877c13d1f36e643f68c03d6b8a0b	29	17
constructor-arg	D:\Mahir\detecting-metadata-bugs\dataset\all_projects\de-webapp	D:\Mahir\detecting-metadata-bugs\dataset\all_projects\de-webapp\src\main\resources\de-base.xml	de-webapp	897b2c029b305f756affe394b9bb3c96b02786a9	277	11
constructor-arg	D:\Mahir\detecting-metadata-bugs\dataset\all_projects\empaques	D:\Mahir\detecting-metadata-bugs\dataset\all_projects\empaques\src\main\resources\META-INF\spring\applicationContext-mongo.xml	empaques	04bc1ef8734b3c750f0760d6fce7788d1f27bd24	55	20
constructor-arg	D:\Mahir\detecting-metadata-bugs\dataset\all_projects\fcrepo4	D:\Mahir\detecting-metadata-bugs\dataset\all_projects\fcrepo4\fcrepo-dc\src\test\resources\spring-test\repo.xml	fcrepo4	da164a1b994a0c917e99d54682536e95105ae165	75	109
constructor-arg	D:\Mahir\detecting-metadata-bugs\dataset\all_projects\epm-trn	D:\Mahir\detecting-metadata-bugs\dataset\all_projects\epm-trn\src\main\webapp\WEB-INF\spring\data.xml	epm-trn	0063f0aceb473886d78d4d5f4358e17cecf2aee2	19	17
-method=	D:\Mahir\detecting-metadata-bugs\dataset\all_projects\easyFuse	D:\Mahir\detecting-metadata-bugs\dataset\all_projects\easyFuse\src\main\resources\config\applicationContext-dao.xml	easyFuse	f5b4e6ede559d87128d0be36cc450e19e51fa9c4	18	26
-method=	D:\Mahir\detecting-metadata-bugs\dataset\all_projects\FinalJWR	D:\Mahir\detecting-metadata-bugs\dataset\all_projects\FinalJWR\src\main\setup\glassfish-resources.xml	FinalJWR	cd20b1691b67817f83d44523c4dfbf9d1311614c	5	10
-method=	D:\Mahir\detecting-metadata-bugs\dataset\all_projects\datacart	D:\Mahir\detecting-metadata-bugs\dataset\all_projects\datacart\model\src\main\resources\applicationContext-dao.xml	datacart	cab15c7b2fd4f4dc80fc25e8dfa86b01da560f56	37	7
-method=	D:\Mahir\detecting-metadata-bugs\dataset\all_projects\Microblog	D:\Mahir\detecting-metadata-bugs\dataset\all_projects\Microblog\Microblog\src\main\webapp\WEB-INF\hibernate-context.xml	Microblog	a1925d213e7235ba5346a1749872f2c8884cb643	24	12
ClassPathXmlApplicationContext	D:\Mahir\detecting-metadata-bugs\dataset\all_projects\groepI	D:\Mahir\detecting-metadata-bugs\dataset\all_projects\groepI\src\main\java\be\kdg\groepi\service\TripInstanceService.java	groepI	5f6d7ae4855d61cb34dadc1f70eb37b8e67d64ea	110	104
ClassPathXmlApplicationContext	D:\Mahir\detecting-metadata-bugs\dataset\all_projects\camel-cookbook-examples	D:\Mahir\detecting-metadata-bugs\dataset\all_projects\camel-cookbook-examples\01-structuring-routes\src\main\java\org\camelcookbook\structuringroutes\simplespring\SpringCamelApplication.java	camel-cookbook-examples	28885d743efcf0ff6598fea5aafa3078d12a2497	543	185
ClassPathXmlApplicationContext	D:\Mahir\detecting-metadata-bugs\dataset\all_projects\sia	D:\Mahir\detecting-metadata-bugs\dataset\all_projects\sia\src\main\java\org\sysreg\sia\model\InitializeDatabase.java	sia	a5d83b7b603315c25c567f58082611dbdc869c4b	95	6
ClassPathXmlApplicationContext	D:\Mahir\detecting-metadata-bugs\dataset\all_projects\AxonFramework	D:\Mahir\detecting-metadata-bugs\dataset\all_projects\AxonFramework\integrationtests\src\test\java\org\axonframework\integrationtests\eventsourcing\eventstore\benchmark\jdbc\JdbcEventStoreBenchmark.java	AxonFramework	d4bb3515cadfce21aeffc92a994b4bb2caaabaab	1801	42
